{
  "swagger": "2.0",
  "info": {
    "description": "Welcome to food delivery application",
    "version": "1.0.0",
    "title": "Tasks API",
    "contact": {
      "email": "rsofficial2512@gmail.com"
    },
    "license": {
      "name": "Apache 2.0",
      "url": "http://www.apache.org/licenses/LICENSE-2.0.html"
    }
  },
  "schemes": ["http"],
  "host": "localhost:8080",
  "basePath": "/api",
  "paths": {
    "/tutorials": {
      "get": {
        "summary": "Get all the state",
        "description": "Get all the state",
        "produces": ["application/json"],
        "parameters": [],
        "responses": {
          "200": {
            "description": "successful operation",
            "schema": {
              "type": "array",
              "items": {
                "$ref": "#/definitions/statesResponse"
              }
            }
          },
          "400": {
            "description": "Invalid status value",
            "schema": {
              "$ref": "#/definitions/InvalidResponse"
            }
          }
        }
      },
      "post": {
        "summary": "Save the task",
        "description": "Save the task",
        "produces": ["application/json"],
        "consumes": ["application/json"],
        "parameters": [
          {
            "in": "body",
            "name": "body",
            "description": "task object",
            "required": true,
            "schema": {
              "type": "object",
              "properties": {
                "task": {
                  "type": "object",
                  "$ref": "#/definitions/statesResponse"
                }
              }
            }
          }
        ],
        "responses": {
          "200": {
            "description": "successful operation",
            "schema": {
              "type": "array",
              "items": {
                "$ref": "#/definitions/statesResponse"
              }
            }
          },
          "400": {
            "description": "Invalid status value",
            "schema": {
              "$ref": "#/definitions/InvalidResponse"
            }
          }
        }
      }
    },
    "/tutorials/{id}": {
      "put": {
        "summary": "Update the tasks",
        "description": "Update the tasks",
        "produces": ["application/json"],

        "parameters": [
          {
            "name": "id",
            "in": "path",
            "description": "task id that needs to be deleted",
            "required": true,
            "type": "string"
          },
          {
            "in": "body",
            "name": "body",
            "description": "task object",
            "required": true,
            "schema": {
              "type": "object",
              "properties": {
                "task": {
                  "type": "object",
                  "$ref": "#/definitions/statesResponse"
                }
              }
            }
          }
        ],
        "responses": {
          "200": {
            "description": "successful operation",
            "schema": {
              "type": "array",
              "items": {
                "$ref": "#/definitions/statesResponse"
              }
            }
          },
          "400": {
            "description": "Invalid status value",
            "schema": {
              "$ref": "#/definitions/InvalidResponse"
            }
          }
        }
      },
      "delete": {
        "summary": "Delete the task",
        "description": "Delete the task",
        "produces": ["application/json"],

        "parameters": [
          {
            "name": "id",
            "in": "path",
            "description": "task id that needs to be deleted",
            "required": true,
            "type": "string"
          }
        ],
        "responses": {
          "200": {
            "description": "successful operation",
            "schema": {
              "type": "array",
              "items": {
                "$ref": "#/definitions/statesResponse"
              }
            }
          },
          "400": {
            "description": "Invalid status value",
            "schema": {
              "$ref": "#/definitions/InvalidResponse"
            }
          }
        }
      }
    }
  },
  "definitions": {
    "statesResponse": {
      "type": "object",
      "properties": {
        "_id": {
          "type": "string"
        },
        "title": {
          "type": "string"
        },
        "published": {
          "type": "boolean"
        },
        "createdAt": {
          "type": "string",
          "format": "date-time"
        },
        "updatedAt": {
          "type": "string",
          "format": "date-time"
        },
        "__v": {
          "type": "integer",
          "format": "int32"
        }
      }
    },

    "InvalidResponse": {
      "type": "object",
      "properties": {
        "_id": {
          "type": "string"
        },
        "title": {
          "type": "string"
        },
        "published": {
          "type": "boolean"
        },
        "createdAt": {
          "type": "string",
          "format": "date-time"
        },
        "updatedAt": {
          "type": "string",
          "format": "date-time"
        },
        "__v": {
          "type": "integer",
          "format": "int32"
        }
      }
    }
  }
}
